ID,Title,Location,Salary,Summary
754be9e3d78fa802,2021년 상반기 R&D 개발자 (병역특례 가능/경력 무관),네오스텍 인천 연수구,,"담당업무: - 블루투스 메시 기반 위치 추적 솔루션 개발 - 상기 솔루션의 임베디드 펌웨어 개발 - C(필수), Python, Javascript 프로그래밍 언어 사용 - 기술 지원 [자격요건] 경력사항: 무관 (신입도 지원..."
9acc17c535b42959,2021년 (신입) 전문연구요원 모집,NHN 4.4 성남 판교역,,"병역특례 전문연구요원 - Python/C++/Java/C# 개발 경험... 유연한 사고와 원활한 커뮤니케이션 능력 우대 - C/C++, Python 등 개발 숙련자 우대 공통지원자격(필수) - 해당 분야 석사 이상..."
efec71e8e5ec12ce,"연구, 연구관리 신입/경력 계약직",한국원자력의학원 2.5 서울 노원구,"연봉 40,000,000원 - 50,000,000원",인터넷·IT·통신·모바일·게임>응용프로그래머>머신러닝(ML)|인터넷·IT·통신·모바일·게임>응용프로그래머> Python|인터넷·IT·통신·모바일·게임>응용프로그래머>증강현실(AR)|인터넷·IT·통신·모바일·게임>응용프로그래머...
9941b739641f430e,"정보시스템, Python 외 경력 정규직 new",디사인한국연락사무소 경기도 부천,"연봉 40,000,000원 - 50,000,000원",인터넷·IT·통신·모바일·게임>네트워크·서버·보안>정보시스템|인터넷·IT·통신·모바일·게임>응용프로그래머> Python|인터넷·IT·통신·모바일·게임>응용프로그래머>인공지능(AI)|인터넷·IT·통신·모바일·게임>응용프로그래머...
3481d28c4e3ddef2,[물류플랫폼] 프론트/백엔드 개발자 채용(경력직) new,심플로지스(주) 인천,"연봉 46,800,000원 - 50,400,000원","비스 개발 및 운영경험 ㆍ조직의 기술과 문화를 지속해서 높여가기 위해 적극적인 활동을 하신 분 • 기술스택 ㆍ Python, Node.js, Nest.js, Typescript, AWS, GCP, GraphQL, MongDB..."
f5e0e17274219fda,"차량용 Software Test 자동화 개발자(C, C++, Python...",링크제니시스 인천 서구,,"C++, Python) / QA 모집 모집부문 및 자격요건 담당업무 자격요건 인원 [담당업무]차량용 S/W 검증 개발 (C, C++, Python... 통신·모바일·게임>응용프로그래머> Python|인터넷·IT·통신·모바일·게임..."
24f218152e74e560,(정규직 ) 데이터 분석 시스템 개발자 (Python) new,주)씽크풀 서울 영등포구,,통신·모바일·게임>빅데이터·AI(인공지능)>빅데이터|인터넷·IT·통신·모바일·게임>빅데이터·AI(인공지능)> Python|인터넷·IT·통신·모바일·게임>빅데이터·AI(인공지능)>머신러닝|인터넷·IT·통신·모바일·게임>데이터베이...
dfb20fa220f3c478,"빅데이터, 인공지능(AI) 외 신입/경력 인턴",스칼라웍스 대한민국,,인공지능)>인공지능(AI)|인터넷·IT·통신·모바일·게임>빅데이터·AI(인공지능)>데이터분석|인터넷·IT·통신·모바일·게임>빅데이터·AI(인공지능)> Python|인터넷·IT·통신·모바일·게임>빅데이터·AI(인공지능)>딥러닝
78e99625e5de3c95,전문연구요원 (병역특례) 수시 (AI / HW 분야),딥엑스 성남 분당구,"연봉 40,000,000원 - 100,000,000원","모델의 RTL IP 설계 및 IP 검증 가능자 - Language: Python/Perl, C/C++ [우대 조건] - ARM based SoC 설계... Linux, shell, tcl, python, perl 사용 원활..."
06d133676285b02e,보안 분야,NHN 4.4 성남 판교역,,"계층별/영역별 취약점에 대한 충분한 이해 - CVE 보안취약점 분석 및 대응 역량 - C, Java, Python 등을 통한 업무 자동화 및 분석도구 개발 경험 - 리버스 엔지니어링에 능숙하거나 다수의 버그바운티 참여..."
cc3fcb3e135a6094,"차량용 Software Test 자동화 개발자(C, C++, Python...",링크제니시스 인천 서구,,직무내용] 모집분야- 연구개발담당업무- SW 테스팅 자동화 도구 및 스크립트 개발- 프로그램 분석 연구- 테스팅 자동화 환경 구축자격요건- 학력 : 초대졸 이상(졸업예정자 가능)- 경력 : 경력무관[우대조건]- 컴퓨터 활용...
3d0cc83899a9b37f,[위메프서비스] CI/CD 엔지니어(정규직),위메프 2.8 대한민국,,"배포 경험이 있는 분 [우대사항] - kubernetes 기반 서비스 운영경험이 있는 분 - JAVA, python 등 웹어플리케이션용 개발언어 1개 이상 경험이 있는 분 - 네트워크, 리눅스 기반 관련 지식 보유한 분..."
4698c0e2364b5576,[넥슨·엔씨소프트등] 자바·파이썬 응용SW 개발자 양성교육 · 동종업계...,한국직업전문학교 서울 구로구,,통신·모바일·게임>응용프로그래머> Python|인터넷·IT·통신·모바일·게임... 웹프로그래머> Python|인터넷·IT·통신·모바일·게임>웹프로그래머>웹개발|인터넷·IT·통신·모바일·게임>빅데이터·AI(인공지능)> Python|인터넷...
b10bbd24034a5590,광학솔루션사업부 R&D 신입 석/박사 및 경력사원,LG이노텍 4.1 경기도 안산,,"light Illumination microscopy - 프로그래밍 언어 사용 가능자 (Matlab, Python) [학력] - 박사 이상, 응용물리학 전공자 [모집 구분] - 신입 석/박사, 경력 [모집 분야] - 카메라모..."
c6cbe4d8dd9afcb1,사내 및 서비스 보안 담당자 (경력),네오위즈 대한민국,,"있는 분 - IDS / IPS 패턴 분석 및 Rule 개발 경력이 있는 분 - 각종 스크립트 언어(Perl, Python, shell script 등)의 활용 능력을 갖춘 분 모집기간 채용시 마감 고용형태 정규직"
14d562d10c215572,"PHP, Python 신입/경력 정규직",비즈부스터 서울 금천구,,"주식회사 비즈부스터 PHP, Python 개발자 채용 모집부문 및 자격요건 담당업무 자격요건 인원 [담당업무]*당사의 서비스(비즈탑) 솔루션 및 서비... 프로그래머>PHP |인터넷·IT·통신·모바일·게임>웹프로그래머> Python"
2c3b43a0a590b49c,[전액국비무료] AI 기술 자연어 처리 전문가 양성과정 1기 new,구름 성남 분당구,,통신·모바일·게임>빅데이터·AI(인공지능)>데이터분석|인터넷·IT·통신·모바일·게임>빅데이터·AI(인공지능)> Python|인터넷·IT·통신·모바일·게임>빅데이터·AI(인공지능)>머신러닝|인터넷·IT·통신·모바일·게임>빅데이터...
f5a55624fe53d770,Data Scientist (KOREA) new,No Deviation Pte Ltd 충청북도 청주,,"data visualization * Experience using tools... SAS JMP, Python, Matlab, KNIME, and SIMCA * Experience with developing..."
3092c5f8a7bd6652,Python 개발 프리랜서 공고 new,대성산업 3.0 서울,,"0명 주요업무 -. 시스템 개발 및 운영 -. 시스템 분석/설계 -. 프로그램 개발 지원자격 [자격요건] - Python, Django Framework 기본지식 - HTML/Javascript/jQuery/CSS 기본 지식..."
508842f94e68d789,시스템 엔지니어 new,한국쓰리엠 5.0 전라남도,,"엔지니어 모집부문 및 자격요건 담당업무 자격요건 근무지 [담당업무]공장제어 시스템 운영 및 개발 C#, Python, or Java 중 1개 이상 활용 가능자 [자격요건]경력사항: 신입, 경력(5년 이상 )학력사항: 대학교..."
f971c284b5403203,2021년 한국도로공사 전문직(데이터분석전문가),한국도로공사 경상북도,,"년 이상 해당분야 경력이 있는 자 - 해당분야 학사학위 취득 후 6년 이상 해당분야 경력이 있는 자 3. Python, R, Java 등 1개 이상의 프로그래밍 능력 보유자 결격사유 제8조 (결격사유) 다음 각호의 1에 해당..."
1d426913953b0854,클라우드 정보보안 분야 연계 교육생 / 고용노동부 21년 K-Digita... new,에이디티캡스 성남 분당구,,통신·모바일·게임>빅데이터·AI(인공지능)>데이터분석|인터넷·IT·통신·모바일·게임>빅데이터·AI(인공지능)> Python|인터넷·IT·통신·모바일·게임>빅데이터·AI(인공지능)>머신러닝|인터넷·IT·통신·모바일·게임>빅데이터...
e36b281df2933890,[위메프서비스] E-Commerce 데이터엔지니어/NLP개발자(정규직),위메프 2.8 대한민국,,개발 경력 3년 이상 - 분산파일 시스템 Hadoop 및 Spark 경험이 있는 분 - Java 및 Python 개발 능력을 보유한 분(중급 이상) - Hadoop Ecosysterm 운영 및 유지보수 경험이 있는 분...
3ed0cc50114bc7a0,GEDP new,GE Appliances 경기도 성남,,using C programming language Scripting languages like Lua/ Python/JavaScript may also be used if needed Support connected...
55584c627df1acaa,데이터 분석가/사이언티스트(신입/인턴 가능),쏘카 제주도 제주,,"Sheet) 등 데이터 분석 도구를 원활히 다루시거나, 앞으로 원활히 다루고자 하는 의지가 높으신 분 • Python, R 등의 프로그래밍 언어 혹은 데이터 분석 언어를 1개 이상 능숙하게 사용 가능하신 분 전형절차 서류..."
cd68968d43fee4d9,[Amazon] Data Center Operations Engineer new,아마존웹서비시즈코리아 서울 강남구,,"CCENT / CCNA, 네트워크 +· 2년 이상의 서버 하드웨어 문제 해결 경험· 스크립팅 기술 - Bash, Python, Perl 등 보유자· 프로젝트 관리 경험· 유창한 한국어/영어 커뮤니케이션 능력 보유자아마존은..."
0bed88ef176697fd,서버/스토리지 운영 담당자 (~6/27) new,현대차증권 대한민국,,"운영 경력 7년 이상 * 우대요건 - 금융회사 서버 인프라 운영 경험자 우대 - 스크립트(Perl, Python), 개발언어(C, Java) 작성 가능자 - 오픈소스, 미들웨어, 데이터베이스 운영 경험자 * 공통지원..."
abbb8df34c660e0a,"빅데이터, (AI)인공지능 외 신입/경력 인턴 (정규직전환)",스칼라웍스 서울 금천구,,인공지능)>인공지능(AI)|인터넷·IT·통신·모바일·게임>빅데이터·AI(인공지능)>데이터분석|인터넷·IT·통신·모바일·게임>빅데이터·AI(인공지능)> Python|인터넷·IT·통신·모바일·게임>빅데이터·AI(인공지능)>딥러닝
b95d00f1145e5ef3,(광주취업맛집1위)2021년도 국비 기술교육생,대한상공회의소 광주인력개발원 광주 광산구,,통신·모바일·게임>빅데이터·AI(인공지능)>데이터분석|인터넷·IT·통신·모바일·게임>빅데이터·AI(인공지능)> Python|인터넷·IT·통신·모바일·게임>빅데이터·AI(인공지능)>머신러닝|인터넷·IT·통신·모바일·게임>빅데이터...
1e974ff27c6eb340,Autonomous Driving 분야 엔지니어,포티투닷 서울 강남구,,"프로그래밍 기술 (C/C++, Python 등) - 이동 로봇/드론 관련... platform 개발 경험 - 뛰어난 프로그래밍 기술 (C/C++, Python) - 3D geometry, math, physics 관련 경험 및..."
c76399cb1df3cf0b,[정보보안] 보안기반 분석 개발 담당 모집 new,엔씨소프트 2.7 성남 판교역,,"이기종 보안시스템의 운영업무 자동화 개발 지원자격 학력 : 무관 경력기간 : 2년 ~ 10년 필수조건 - Python 프로그래밍 언어로 개발이 가능하며, 오픈소스를 활용한 개발이 가능한 분 - 보안솔루션의 동작 원리와 연동..."
bfe0f5ac4f32ec89,추천 통계분석/데이터사이언티스트,카카오 4.0 성남 판교역,,"통계, 수학 관련 분야의 석사 또는 박사 학위 소지자 숙련된 데이터분석 능력 데이터 사이언스를 위한 언어( Python/R) 를 하나 이상 능숙하게 다룰 수 있으신 분 분석 결과를 설득력있게 전달할 수 있는 분 우대사항..."
a79702e8ca6af794,금융 AI 기술 연구 개발자 모집 new,엔씨소프트 2.7 성남 판교역,,"및 연구/문제 해결 능력 - Python 언어에 능숙하신 분 2. 해당직... Recognition, Data/Text Mining 경험 보유 - Python, SQL 활용 우대사항 - AI 관련 전공자 - 금융 도메인에 대한..."
84fd9f9deb6105b0,"웹개발, Python 외 신입/경력 계약직",쿠바로엠앤씨 서울 강서구,,"주식회사 쿠바로엠앤씨 웹개발, Python 외 신입/경력 계약직 채용 모집... 게임>웹프로그래머>웹개발|인터넷·IT·통신·모바일·게임>웹프로그래머> Python|인터넷·IT·통신·모바일·게임>웹프로그래머>백엔드|인터넷·IT·통신..."
61d00e18b537cab2,[단기계약직] NLP 서비스 프로토타입 개발을 위한 엔지니어 모집,엔씨소프트 2.7 성남 판교역,,"졸업생, 졸업 예정자 가능 - Python을 이용하여 개발 가능한 분 우대... 개발 능력 - 자연어처리 (NLP) 관련 프로젝트 경험 있으신 분 - Python, Java 등을 이용하여 NLP 기술을 구현 가능한 분 제출서류..."
161101bb76cb7f2d,(전원인턴연계/전액무료) 정보보호산업 맞춤형 인재 양성과정 교육생,한국정보보호산업협회 서울,,로그래머>백엔드|인터넷·IT·통신·모바일·게임>웹프로그래머>프론트엔드|인터넷·IT·통신·모바일·게임>웹프로그래머> Python|인터넷·IT·통신·모바일·게임>웹프로그래머>ASP.NET|인터넷·IT·통신·모바일·게임>웹프로그래머...
e5448ffc7d6ecf02,FPGA 플랫폼 엔지니어 (딥러닝 하드웨어 프로세서 개발),딥엑스 성남 분당구,"연봉 40,000,000원 - 100,000,000원","사용 경험(Chip Scope/SignalTap) - Language: Python/Perl, C/C++ - Vivado 또는 Synplify 또는... SignalTap) - Language: Python/Perl, C/C++..."
970b39a3e7de61d6,IT기획 경력사원 new,S&I Corp. 서울 강서구,,"5년 이상 (IT기획, 프로젝트 PM/PL, 개발경력 등) - 자격 : 컴퓨터 언어 활용능력 보유 (JAVA, PYTHON) : 데이터베이스(RDBMS) 활용능력 보유 - 우대사항 : IT 예산(HW,SW,인건비) 수립 경험..."
75f87cec1b70b050,인공지능 연계형 인턴 new,LG전자 3.8 서울 서초구,,"machine learning frameworks... TensorFlow, PyTorch, Python, etc. - Knowledge of data processing, Statistics/Probability..."
8b0ab14d618b6f94,동진쎄미켐 각 부문 신입 및 경력사원 대규모 채용,동진세미캠 경기도 화성,,"이상 - 전공 : 컴퓨터공학, 정보통신학 계열 - 우대사항 1) 전산 관련 전공 및 자격증 소지자 2) Python, JAVA, MS-SQL, 오라클 ERP 경험자 3) 어학 우수자 (영어) 0명 서울 본사 (상암..."
752a4b5d63eac97c,Back-end Engineer (Python),Soomgo 서울 강남구,,"찾아요 5년 이상의 웹/앱 서비스의 백엔드 시스템 개발 경험이 있으시거나 이에 준한 역량을 갖추신 분 Python(Django, Flask) 개발 경험이 있으신 분 AWS 환경에서의 개발이 익숙하신 분 git 기반 코드..."
f5d0fb3d3241f1ef,Business Data Analyst (Intern),Soomgo 서울 강남구,,"인턴십 종료 후, 정규직으로 전환 시 Full-Time 근무가 가능한 분 • 병역필 또는 면제자 우대사항 • Python, Tableau, R을 사용하여 데이터 분석에 활용 가능 • 경영학, 통계학, 경제학, data..."
81bcf60373954683,2021년 하반기 신입사원 new,비아이매트릭스 서울 강남구,,"후 지원해 주세요. (주)비아이매트릭스_자사양식.docx 지원양식 자사양식 직무/산업 직무별(직종) 웹프로그래머JSP, JAVA, Python 응용프로그래머전산전공, C 산업별(업종) 솔루션.ASP.소프트웨어 소프트웨어개발"
2b09f13b5790dd69,2021년 한화시스템 방산부문 프로젝트/기간제 엔지니어 채용(상시),한화그룹 4.2 서울,,분야 경험자 [우대 요건] 무인기 GCS 개발 유경험자 SW시험/분석 도구 개발 유경험자 C/C++/C#/ Python/JAVA 프로그래밍 숙련자 0명 판교 한화인1:1문의하기 활용 지휘통제-SW 계약기간 : 입사 시...
ac9068957c550cb3,데이터 전문가(모델러/분석가/엔지니어) 모집,카카오 4.0 성남 판교역,,대용량 데이터를 효율적으로 사용하기 위한 기반 데이터 가공 지원자격 데이터 사이언스를 위한 언어(R/ Python/Scala) 및 도구(scikit-learn/Spark MLlib/Tensorflow/Pytorch 등)를...
1d89fe4b37ab05ed,"데이터마이닝, 빅데이터 큐레이터 외 신입/경력 정규직",에임즈인터내셔널코리아 서울 강남구,,"있거나 이에 준하는 실질적인 기술 경력 -데이터를 다루기 위한 Python 혹은 R 등의 프로그래밍 능력 -SQL의 사용 능력 -데이터를 다루기 위한 Python, R, Java 중 1개의 프로그래밍 능력 -대용량 데이터..."
6ede042ebe53ba49,RTL 기반 HW IP 설계 엔지니어 (딥러닝 하드웨어 프로세서 개발),딥엑스 성남 분당구,"연봉 40,000,000원 - 100,000,000원","모델의 RTL IP 설계 및 IP 검증 가능자 - Language: Python/Perl, C/C++ [우대 조건] - ARM based SoC 설계... 검증 가능자 - Language: Python/Perl, C/C++ [우대..."
04d685fc70b67d4e,Linux/Python/PHP/MySQL/백엔드 정규직 경력,일루미나리안 용인 보정동,,"보유 - DBMS(MySQL or MariaDB), scripting Language: bash, python, OOP 언어 중 가능자 - Back-End 서버를 개발해 보신 분 [우대사항] - Go(aka GoLang..."
d98dc10ecd924291,[정규직] 창단 프로그래머 new,플랙토리 서울 중구,,"서비스 발굴[지원자격] -무선분야 및 제어에 관심이 많은 자리눅스 운영체계에서 C, C++, Java, Python 등 두 가지 이상 언어로 프로그래밍 가능자MS Word, PPT, 한글 워드 편집가능자해외여행에 결격사유가..."
4ade52bb05545770,[전국렌터카공제조합] 신입 및 경력직 new,전국렌터카공제조합 경기도,,웹개발|인터넷·IT·통신·모바일·게임>웹프로그래머>JSP|인터넷·IT·통신·모바일·게임>웹프로그래머> Python|인터넷·IT·통신·모바일·게임>응용프로그래머>iOS|인터넷·IT·통신·모바일·게임>응용프로그래머>Android...
7d155eed9eceae77,[빅데이터 분석] 인턴,레드테이블 서울 종로구,"월급 2,000,000원","음식.관광 분야에 배경지식을 갖추신 분 Python, R, SQL, 통계프로그램... 서서류전형, 면접전형/ 우대사항음식.관광 분야에 배경지식을 갖추신 분 Python, R, SQL, 통계프로그램 등을 활용하여 데이터 정제, 분석, 모델..."
66cf9fcab574b073,[한양대 에리카] 기업부설연구소 연구원 (신입/경력/인턴),워너버스이노베이션 안산 상록구,,NET|인터넷·IT·통신·모바일·게임>응용프로그래머>C#|인터넷·IT·통신·모바일·게임>응용프로그래머> Python|인터넷·IT·통신·모바일·게임>응용프로그래머>인공지능(AI)|인터넷·IT·통신·모바일·게임>응용프로그래머...
38ebbf5d0992fda6,주식투자 관련 데이터 분석가 (정규직 ) new,주)씽크풀 서울 영등포구,,인터넷·IT·통신·모바일·게임>빅데이터·AI(인공지능)> Python|인터넷·IT·통신·모바일·게임>빅데이터·AI(인공지능)>빅데이터|인터넷·IT·통신·모바일·게임>데이터베이스·DBA>MySQL
376018f2d418c088,2021년 소프트웨어 개발자 병역특례,엠더블유스토리 서울 성북구,,게임>웹프로그래머>AJAX|인터넷·IT·통신·모바일·게임>웹프로그래머> Python|인터넷·IT·통신·모바일·게임>웹프로그래머>백엔드|인터넷·IT·통신... 터분석|인터넷·IT·통신·모바일·게임>빅데이터·AI(인공지능)> Python
387c6b57b19a4825,[다음포털] 카카오 콘텐츠 데이터(엔지니어/사이언티스트/모델러) 모집,카카오 4.0 대한민국,,"및 인사이트 도출 모델 평가를 위한 평가 지표 개발 지원자격 팀 커뮤니케이션이 원활하신 분 R, Python으로 능숙한 프로그래밍이 가능하신 분 TensorFlow/Keras, PyTorch, sklearn, Spark..."
7df915e1f0f86b2d,Software Architecture 설계 엔지니어,딥엑스 성남 분당구,"연봉 40,000,000원 - 100,000,000원",경험 - Windows/Linux 상에서 C++/ Python 언어 사용 개발 경험 - C++ / Python 언어 사용 개발 경험 - 객체지향 설계에... 게임>빅데이터·AI(인공지능)> Python|인터넷·IT·통신·모바일·게임...
f069d006ba3ffa5a,(신입/경력) AR&AI 엔지니어,플레이스에이 성남 분당구,,"Engine 중 1개 이상 능숙하게 다룰 수 있다 - C, C++, Python 등 프로그래밍 언어 중 1개 이상 능숙하게 다룰 수 있다... 다룰 수 있다 - C, C++, Python 등 프로그래밍 언어 중 1개..."
2b9e604e63e7e46d,[카카오커머스] 기술직군,카카오커머스 성남 분당구,,"우대사항 - 전자금융 감독규정, PCIDSS에 대한 실무 경험이나 이해도가 높으신 분 - JAVA, Python, shell script 등 개발 역량을 갖추신 분 - 웹/앱 취약점 진단 및 모의해킹 역량을 갖추신..."
65b07465cbe8ffe7,"Student Training in Engineering Program,... new",Google 4.3 서울,,"Computer Science or a related field. Programming experience in Java, Python, C... C++. About the job Student Training..."
4741d262468f19da,[KSTEC] RPA 시스템 개발 신입사원,지식시스템 성남 분당구,,통신·모바일·게임>웹프로그래머>JAVA|인터넷·IT·통신·모바일·게임>웹프로그래머>.NET|인터넷·IT·통신·모바일·게임>웹프로그래머> Python|인터넷·IT·통신·모바일·게임>웹프로그래머>HTML·DHTML·mHTML
4b31a4ae3ffd862a,각 부문별 신입/경력사원,이지케어텍 서울 중구,,지능(AI)|전자·기계·기술·화학·연구개발>광학·의료장비>AI의료|인터넷·IT·통신·모바일·게임>웹프로그래머> Python|인터넷·IT·통신·모바일·게임>네트워크·서버·보안>정보보안|의료·간호·보건·복지>치료·의료기사>보건의료...
8a3db4f640b539e3,[스타랩스] WEB 개발자 정규직,스타랩스 서울 강남구,,수 있습니다. 인터넷·IT·통신·모바일·게임>웹프로그래머>웹개발|인터넷·IT·통신·모바일·게임>웹프로그래머>JAVA|인터넷·IT·통신·모바일·게임>웹프로그래머> Python|인터넷·IT·통신·모바일·게임>웹프로그래머>백엔드
0f12f1d1bc7c99f7,[한국자산평가] 경력직원 new,한국자산평가 서울 종로구,,인터넷·IT·통신·모바일·게임>응용프로그래머>C·C++|인터넷·IT·통신·모바일·게임>응용프로그래머> Python|인터넷·IT·통신·모바일·게임>네트워크·서버·보안>Windows계열 서버운영·관리|인터넷·IT·통신·모바일·게임...
ded8bcea22397699,[Janssen] Data Scientist new,Johnson & Johnson Family of Companies 4.2 서울,,"Expertise in one or more programming languages... R, Python or SAS. • Knowledge of relational database architecture..."
f39f8695610d4d2f,Virtual Robotics Simulation Engineer new,LG전자 3.8 서울 서초구,,"C/C++, Software Design, Debugging Skills - 스크립트 언어 개발 경험 ( Python, Bash, etc) 3. 우대사항 - ROS2 환경 개발 경험 - Unreal Engine, Unity..."
43f8edb38c7888c7,[위메프오] 서버개발자(정규직),위메프 2.8 대한민국,,"데이터베이스 분산설계 및 미들웨어 개발 [자격사항] - 서버 프로그래밍 언어(PHP, Go, C/C++, Python, Java) 중 1개 이상 사용이 가능한 분 - 자료구조, 알고리즘, 분산처리 등 SW관련 기본지식 보유..."
5a0d523f82d53cf8,2021년 정규직 기업부설연구소 개발연구원 [APP 개발],현대에이아이티 충청남도 아산,,"직무내용] 사용기술 - java, ios, android, python담당업무 - APP 개발 및 업그레이드 - APP 유지보수 및 성능 최적화 [근무시간 및 형태] 주 5일 근무 (오전) 9시 00분 ~ (오후) 6시 00..."
06a6e700196764b9,[AI R&D] Language AI(NLP) Research 분야 수시...,엔씨소프트 2.7 성남 판교역,,"분 - 통계/Machine Learning에 대한 이해와 활용 능력 및 text 처리 기술에 대한 경험 - Python, Java 등을 이용하여 NLP 기술을 구현 가능한 분 - 최신 기술(논문, 기술문서 등)을 습득하는..."
1806287902a1a36e,[데이터센터] (경력/신입) 카카오 데이터센터 Data Scientist...,카카오 4.0 성남 판교역,,"않고, 기술이 비즈니스 가치로 변모할 수 있는 그 가능성에 집중합니다. 지원자격 필수사항 Go, Python, Scala, Java, C/C++ 중 하나 이상의 언어에 능숙하신 분 SQL 또는 HiveQL에 능숙하신..."
a38c881248da7e5e,[취업연계] 파이썬 활용 빅데이터 분석 전문가 양성과정 훈련생,한국산업기술협회 서울 금천구,,게임>빅데이터·AI(인공지능)> Python|인터넷·IT·통신·모바일·게임... 응용프로그래머> Python|인터넷·IT·통신·모바일·게임>웹프로그래머>JAVA|인터넷·IT·통신·모바일·게임>웹프로그래머> Python|전자·기계·기술...
23181b6977eeccbe,"딥러닝 솔루션 개발자 (이미지, 자연어, 시계열 데이터) new",엔셀 성남 분당구,,모바일·게임>빅데이터·AI(인공지능)>인공지능(AI)|인터넷·IT·통신·모바일·게임>빅데이터·AI(인공지능)> Python|인터넷·IT·통신·모바일·게임>빅데이터·AI(인공지능)>머신러닝|인터넷·IT·통신·모바일·게임>빅데이터...
40462398c7170442,[기업부설연구소]AI기반 비전시스템 개발 정규직 전문연구원 모집 new,한국정보공작소 관심기업 대한민국,,"지원자격 경력 1년 이상 undefined 대학교(4년) 우대조건 Python, 미신러닝/딥러닝에 대한 폭넓은 기본지식, 최신 연구논문에 대한 이해... 전공 - 통계학 전공 - 직접 : Python, C++,Tensorflow..."
0e8c9121e92a0c74,"웹개발 경력자 (Python Django, 연봉 4,500~8,000만원...",미라클핀테크 서울 서초구,"연봉 45,000,000원 - 80,000,000원","1) 전자 관련 학과, 정보통신 관련 학과, 정보보호 또는 정보처리기술 관련 학과 2) 경력 4년 이상 인터넷·IT·통신·모바일·게임>웹프로그래머>백엔드"
0064deb5fa9cbce0,데이터 사이언티스트 모집,카카오 4.0 성남 판교역,,"양한 실험을 통해 알고리즘을 개선합니다. 지원자격 지원자격 하나 이상의 프로그래밍 언어에 익숙한 분( Python, Java, C/C++, Scala 등) 머신러닝/딥러닝 오픈소스를 이용하여 1년 이상 특정 서비스에 모델..."
75c69093d9d3fd18,하이테크(대졸자 취업연계)과정 (ICT·바이오 분야),한국폴리텍대학분당융합기술교육원 성남 분당구,,로그래머>머신러닝(ML)|인터넷·IT·통신·모바일·게임>응용프로그래머> Python|인터넷·IT·통신·모바일·게임>응용프로그래머>증강현실(AR)|인터넷... 게임>빅데이터·AI(인공지능)> Python|인터넷·IT·통신·모바일·게임...
070aa25a918d37ee,크립토랩 정규직 new,크립토랩 서울 관악구,,모집 기간 : 2021년 7월 4일(일) 23:59까지 이메일 제출- 자세한 내용은 첨부된 파일을 참조해주세요. 인터넷·IT·통신·모바일·게임>응용프로그래머>C·C++|인터넷·IT·통신·모바일·게임>응용프로그래머> Python
87309d3ff40ead61,딥러닝 AI 개발 연구원,베이리스 성남 수정구,,시스템프로그래머>임베디드(Embedded)|인터넷·IT·통신·모바일·게임>응용프로그래머>C·C++|인터넷·IT·통신·모바일·게임>응용프로그래머>Linux|인터넷·IT·통신·모바일·게임>빅데이터·AI(인공지능)> Python
2b2dcd3ffe3d53df,카카오 데이터의 가치를 발굴할 데이터 분석가 모집,카카오 4.0 성남 판교역,,"기술 통계량 이해 및 해석) 데이터 분석 업무를 수행할 수 있는 언어 스킬 필수 SQL 필수 R 또는 Python을 다룰 수 있는 분 (SAS, SPSS, GA, tableau 등 통계 툴만 사용 가능한 경우 제외) 하둡..."
d83fc0dd2641f483,전문연구요원 (병역특례) 수시 (AI / SW 분야),딥엑스 성남 분당구,"연봉 40,000,000원 - 100,000,000원",요구 능력] - ASM/C/C++/ Python 언어 코딩 기술 - 운영체제... 경험 - Windows/Linux 상에서 C++/ Python 언어 사용 개발 경험 - C++ / Python 언어 사용 개발 경험 - 객체지향 설계에...
ce71ff104d7e911f,"[대기업] 딥러닝(AI) 영상분석(영상인식, 얼굴인식) new",비에이블컨설팅그룹 서울,,공지능)>딥러닝|인터넷·IT·통신·모바일·게임>빅데이터·AI(인공지능)> Python|인터넷·IT·통신·모바일·게임>빅데이터·AI(인공지능)>데이터분석... 통신·모바일·게임>응용프로그래머> Python|인터넷·IT·통신·모바일·게임...
20d5edcd971d7643,데이터 분석 기획 담당 모집 new,엔씨소프트 2.7 성남 판교역,,"우대사항 빅데이터를 통한 Insight 경험 보유자 데이터 분석에 필요한 Tool 가능자 (SQL, R, Python 등) 제출서류 필수 제출서류 없음 전형단계 서류전형 1차 면접 NC TEST 2차 면접 처우협의 입사 도움..."
be6c1f03fa566f8e,추천 시스템 연구/개발,카카오 4.0 성남 판교역,,"분야 석사 또는 박사 학위 소지자 적어도 하나 이상의 능숙한 프로그래밍 언어가 있으신 분 우대사항 Python, C++, GPU 프로그래밍 숙련자 TensorFlow, PyTorch, implicit 등 머신러닝/추천..."
78c8907f49ae8c52,Data Scientist 경력인재 - 글로벌 우량대기업 new,에스에프인촌 서울,,모바일·게임>빅데이터·AI(인공지능)>데이터분석|인터넷·IT·통신·모바일·게임>빅데이터·AI(인공지능)> Python|인터넷·IT·통신·모바일·게임>빅데이터·AI(인공지능)>데이터시각화디자이너|인터넷·IT·통신·모바일·게임...
07375dc4e800dfa9,추천 시스템 소프트웨어 엔지니어,카카오 4.0 성남 판교역,,"관련 업무 경험자 우대사항 운영체제, 네트워크, 컴파일러, 데이터베이스에 대한 이해가 깊으신 분 Python, C++, GPU 프로그래밍 숙련자 대용량/실시간 서비스 개발/운영 경험이 많으신 분 ICPC/TopCoder..."
5b2574aec8e1d083,딥러닝 개발자 정규직,바이오에이아이 서울 강남구,,"라우드 기반 인프라 활용 - 데이터 수집, 전처리, 통합 자격 조건 - 데이터, 딥러닝 분야에 대한 이해 - Python 코딩능력 - 리눅스 사용 경험 우대 사항 - 영어 리딩 능력 - 의약분야 프로젝트 경험 - 플랫폼개발에..."
2444dea9e6f2bb7e,Knowledge AI Research 모집 new,엔씨소프트 2.7 성남 판교역,,하는 능력 B. 기술 탐색 및 문제해결능력 C. 기반기술에 대한 개발 능력( R/ Python/Java ) 우대사항 1. Python 개발역량 보유 2. 다양한 DB로 부터의 데이터 핸들링 경험 3. AI기술 실제 서비스...
5dbb6f2e6801272f,데이터 분석 및 지표 개발인력 모집 new,엔씨소프트 2.7 성남 판교역,,"험이 많고, 게임 시스템에 대한 이해가 높으며 서비스 런칭 경험이 있으신 분 - 데이터 분석을 위한 통계툴( Python / R / SAS / SPSS 등) 활용 가능 - 빅데이터 플랫폼(Hadoop / Hive / Spark..."
92cd902bbef74c13,Embedded Software Engineer - Connected new,GE Appliances 경기도 성남,,"skills with C, C++ and other script languages (i.e. python etc..) Strong knowledge... IOT devices communication protocols..."
de8dda97b31b027d,Deep Learning Engineer Intern,Intel 4.1 서울,,optimization strategies Programming skills with Python/C++ Experience working with one or more deep learning frameworks...
d3e388157ad2a66f,에프앤가이드 - 각 부문 (전문연구요원 포함),에프앤가이드 대한민국,,"이공계열 석사학위 이상 취득(예정)자 - 우대사항 : ㆍ SQL, python, R 개발경험 소유자 디지털금융팀 - 담당업무 : ㆍ마이데이터 및... 문을 이해/구현 가능한 분 ㆍ Python 등의 언어를 이용한 서비스 개발..."
c8c02d6751fce8a8,Python 경력 정규직,브라이트컨설팅 서울 강남구,,브라이트컨설팅 Python 경력 정규직 채용 모집부문 및 자격요건 담당업무 자격요건 인원 [자격요건] 경력사항: 경력(7년 이상 12년 이하) 학력사... 수 있습니다. 인터넷·IT·통신·모바일·게임>응용프로그래머> Python
4ec305f59ce64060,게임이상탐지 분석/개발,Nexon 성남 분당구,,"기법 적용에 필요한 프로그래밍 능력 ( Python) - SQL 활용 능력... 대시보드 개발 능력 솔루션 개발자 - 한 가지 이상의 개발 언어( Python, Java, Scala)에 숙련된 프로그래밍 능력 - Linux..."
02bcd7b6412d1db9,자율주행연구팀 연구사원 (신입/경력),소네트 대구 달성군,,"필수사항 - C / C++ / Python 언어 사용 가능자 • 우대사항... C++언어 사용 가능자 • 우대사항 - 운전 가능자 - JAVA / python 언어 사용 가능자 - 오픈소스 (OpenCV, ROS 등) 사용 경험..."
7a4a03e57d1263a2,기업부설연구소 연구원 경력 정규직,이룸에스엔에스 경기도 부천,,인터넷·IT·통신·모바일·게임>응용프로그래머>.NET|인터넷·IT·통신·모바일·게임>응용프로그래머>VB.NET|인터넷·IT·통신·모바일·게임>응용프로그래머>VoIP|인터넷·IT·통신·모바일·게임>응용프로그래머> Python
f468f742037501ae,[TmaxTibero/기술] DBMS 제품 QA 신입 및 경력 new,티맥스소프트 성남 분당구,,베이스/ 소프트웨어공학 전공자 - 데이터베이스 연관 3rd Party 제품 기술지원 경험자 - Java/C/ Python/shell 초급 개발자/경험자 - S/W QA 경험자 - CDC 제품 사용 경험자 - Unix/Linux...
5158175feb7b77e8,"경력사원 상시채용(웹/모바일 개발, 인프라/보안)",현대아이티엔이 서울 대치동,,"서버/네트워크 인프라 지식 및 기술 보유자 [우대사항] -웹/앱/인프라 모의해킹 경험자 -프로그램( Python,, C, JAVA) 보안 개발 및 시큐어 코딩 가능자 -End-point 보안 취약점 조치 가능자 -보안..."
fdd1ec500461c093,"프론트엔드, 백엔드 개발 경력 정규직",토이스미스 서울 강남구,,"으로도 지원 가능 우대사항 l JavaScript 이외의 개발언어 능력 (JAVA, TypeScript, Python 등) l Node & React 스택의 개발자 l Spring Framework 및 오픈소스 활용 경험 l..."
7420bd6ad89ff63a,미국 법인 보안 담당자,NHN 4.4 성남 판교역,,진행 가능하신 분 - 해외 근무에 결격 사유가 없는 분 - 악성코드 동적/정적 분석 능력 보유 - Python 등 스크립트 개발을 통한 업무 효율화 경험 - Elastic Stack에 대한 이해와 운영 경험 - 클라...
eaee1538d8cc832f,메시지발송 플랫폼 개발자,Nexon 성남 분당구,,"개발 가능하면서 python 개발 경험 소유자(또는 Python 개발 가능... NET 또는 python 개발 경력 5년이상 - 자동화를 위한 스크립트(powershell, bash, python 등) 경험 - Windows..."
ae185a03d7b8f71e,"사물인터넷(IoT) 개발, 메카트로닉스 외 신입/경력 정규직",리쉐니에 수원 영통구,,"연구 빅데이터분석 및 AI개발 Python , WebRTC 프로그램개발... AI개발, Python / WebRTC프로그램개발 [우대사항] 전공계열: 공학계열 자격증: Python, Python 교육이수자, 빅데이터, 스마트공..."
ae185a03d7b8f71e,"사물인터넷(IoT) 개발, 메카트로닉스 외 신입/경력 정규직",리쉐니에 수원 영통구,,"연구 빅데이터분석 및 AI개발 Python , WebRTC 프로그램개발... AI개발, Python / WebRTC프로그램개발 [우대사항] 전공계열: 공학계열 자격증: Python, Python 교육이수자, 빅데이터, 스마트공..."
466547f7a5577282,자유롭게 소통하며 함께 일할 IT/SW 개발팀 정규직,헤븐트리 경상북도 경산,,"AWS, 네이버 클라우드 등)을 활용한 설계, 개발, 운용 경험 - Python을 이용한 데이터 처리 및 AI 개발 경험 - OpenCV를 이용한... 용한 설계, 개발, 운용 경험- Python을 이용한 데이터 처리 및 AI..."
a621e7d486f97ea5,2021 ICT 이노베이션 블록체인&AI 교육생,재단법인경남테크노파크 창원 마산회원구,,게임>빅데이터·AI(인공지능)> Python|인터넷·IT·통신·모바일·게임... 로그래머>인공지능(AI)|인터넷·IT·통신·모바일·게임>응용프로그래머> Python|인터넷·IT·통신·모바일·게임>응용프로그래머>머신러닝(ML)|인터넷...
31c8ae4a133b5147,SW(모바일앱 및 웹개발) 신입/경력 정규직 개발자,더조인 서울 강남구,,통신·모바일·게임>응용프로그래머>Android|인터넷·IT·통신·모바일·게임>응용프로그래머>iOS|인터넷·IT·통신·모바일·게임>응용프로그래머>인공지능(AI)|인터넷·IT·통신·모바일·게임>응용프로그래머> Python
b69ea7994e53dba2,[SBS계열사-DMC미디어] 데이터 분석 및 운영관리 신입/경력,디엠씨미디어 서울 강남구,,인공지능)>데이터라벨링|인터넷·IT·통신·모바일·게임>빅데이터·AI(인공지능)>빅데이터|인터넷·IT·통신·모바일·게임>빅데이터·AI(인공지능)>데이터분석|인터넷·IT·통신·모바일·게임>빅데이터·AI(인공지능)> Python
a4015a0d112e9569,프론트엔드 정규직,바이오에이아이 서울 강남구,,"프론트 엔드 구현 - DB 구축 - 신규 기능 개발 및 반영, 지속적인 개선 및 유지 보수 자격 조건 - Python, Django - RDBMS 경험 - UI개발 경험 우대 사항 - 딥러닝에 관심있으신 분 - 단위 테스트..."
08fbc3e510fbe320,"산업용 비전 처리 S/W 개발, AI 가속기 처리 S/W 개발 경력사원",여의시스템 성남 중원구,,모바일·게임>응용프로그래머>Visual C++(MFC·ATL)|인터넷·IT·통신·모바일·게임>응용프로그래머> Python|인터넷·IT·통신·모바일·게임>응용프로그래머>인공지능(AI)|인터넷·IT·통신·모바일·게임>빅데이터·AI...
87c135b3e853872d,(주)엘솔루 웹 개발자 new,㈜엘솔루 서울,,Stack 개발 유경험자. Javascript / React / Python / NodeJS 개발 유경험자 Node.js 개발 유경험자 HTML 5... ㆍJavascript / React / Python / 인터넷·IT·통신...
8339b6fce67c485d,"웹,앱 개발자/임베디드개발자/블록체인개발자/서버관리자 정규직",위고컴퍼니 서울 서초구,,인터넷·IT·통신·모바일·게임>응용프로그래머>자바스크립트|인터넷·IT·통신·모바일·게임>응용프로그래머> Python|인터넷·IT·통신·모바일·게임>시스템프로그래머>임베디드(Embedded)|인터넷·IT·통신·모바일·게임>네트워...
0f139e8552caa762,매치메이킹 서버 개발,Nexon 성남 분당구,,"습니다. - AWS ECS - AWS Lambda - Go - Python - Redis 사용자의 몰입도를 높이는 매치메이킹 규칙을 구현합... 원자격 -한 가지 이상의 개발 언어( Python, C++, C#, Go 등..."
4cd34228af5013fd,DGIST 2019년 제1차 계약직원 공개채용 공고,대구경북과학기술원 대구 현풍면,,"우수자(SPSS, R 등 통계패키지) 외국어(영어) 구사 능력 우수자 Programming(MATLAB, Python, C/C++ 등) 가능자 · 근무기간 : 2019.3.11.~2020.3.10. ※ 단, 재계약 평가에..."
20abdd225641e77a,"Software QA Infotainment Test Engineer,...",Tesla 경기도 성남,,"one or more scripting languages... Perl, Ruby, Python, or Bash Passionate about troubleshooting failures to determine..."
15edcadd124ad99a,매칭 데이터분석,Nexon 성남 분당구,,"최적화 된 모델을 적용하고 평가합니다. 지원자격 [이런 경험을 가진 파티원을 찾습니다.] - SQL, Python 등의 언어를 통해 데이터를 가공한 경험이 있는 분을 찾습니다. - 문제에 적합한 머신러닝 모델을 선택하고..."
d17da0baecf05910,데이터 분야 경력,LG CNS 3.7 서울,,"해가 뛰어난 자 - R, Python, SAS, SQL 등 활용 역량 우대사항(해당 내용 중 1개 이상) - ML/DL 경험 인력 우대 - 관련 분야 석사 이상 학위 소지자 우대 - R, Python등 데이터분석 모델링 경험..."
20b6a088b109c3e8,[웹젠] 보안분석(경력),웹젠 성남 분당구,,분 - 모의해킹 경험이 있는 분 - 침해사고 대응 경험이 있는 분 - Python 개발 능력을 보유한 분 ﻿ 우대사항 - 해킹 대회 입상자 • 기타... 사고 대응 경험이 있는 분 - Python 개발 능력을 보유한 분 ﻿ 우대...
12aee20d54fbd438,[웹젠] 사내IT인프라(신입/경력),웹젠 성남 분당구,,"Terraform 등 운영 경험이 있는 분 - Powershell, Python, Bash,Batch 작성이 가능한 분 - L2,L3 네트워크 기본... 있는 분 - Powershell, Python, Bash,Batch 작성이..."
918468d6e12a17e8,네트워크 엔지니어링,NHN 4.4 성남 판교역,,"관리 도구 개발/운영 - 관련학과 졸업 후, 경력 3년 이상 - 리눅스 환경 개발 경력 2년 이상 - Python, Django, Javascript 관련 개발 경험 - CCNA 또는 JNCIA 이상의 자격증 보유..."
df21e3bb5d773616,Python Programmer,Mofac 서울 서초구,,개발 – JAVA 프로그래밍(라이브러리 활용) – Spring 프레임 워크 개발 – Python API 프로그래밍 우대사항 – Python 개발 경험 – Open Source 라이브러리 개발경험 – Web 표준에 대한 경험...
4a6605971af06a7e,광학솔루션사업부 경력사원 공고 (생산/품질/DX분야),LG이노텍 4.1 경기도 파주,,"공정 데이터 기반 딥러닝/머신러닝 알고리즘 개발 (5년 이상) - 프로그래밍 가능자 (SQL, SAS, Python, R 등) - AWS 프레임워크 사용 유경험자 [학력] - 학사 이상, 컴퓨터공학, 산업공학 등 공학 전공자..."
1b62babbbf2d717a,경험최적화 - 데이터 사이언티스트/분석가,Nexon 성남 분당구,,피처 탐색 등) - 게임 내 행동 패턴 로그 분석과 패턴 식별 및 이를 통한 서비스 개선 지원자격 - Python을 사용한 데이터 분석 및 모델 개발 경험 - 머신러닝 라이브러리 활용 경험 - 셀프 모티베이션과 원활한...
fc09bd46b913c048,시스템 엔지니어링,NHN 4.4 성남 판교역,,"운영 경험 보유 - 쉘 스크립트 또는 프로그래밍 개발 스킬 보유 * Bash, PowerShell, Python, JAVA, etc * 운영 자동화/효율화 경험 보유 - 대용량 트래픽 처리를 위한 인프라 설계와 구축..."
e2c7bb34ace1a9dd,(주)엘솔루 서비스기획 관리자 new,㈜엘솔루 서울,,통신·모바일·게임>웹프로그래머>HTML·DHTML·mHTML|인터넷·IT·통신·모바일·게임>웹프로그래머> Python|재무·회계·경리>세무·회계>회계|재무·회계·경리>세무·회계>전산회계|재무·회계·경리>세무·회계>회계감사
95946773d4816f0d,"머신러닝, 데이터분석 외 경력 정규직",에임즈인터내셔널코리아 서울 강남구,,"혹은 그에 상응하는 실무 경력 - Python 기반의 머신러닝 프레임워크... SQLAlchemy, OpenCV, pytest -Language: Python, SQL -Github, Yona, Git 0 명 근무조건 고용형태..."
c71c1fa9e0d43937,악성코드 및 엔드포인트 위협 대응 보안 엔지니어 모집,카카오 4.0 성남 판교역,,"발견하고 개선하고자 하는 능동적인 성격 우대사항 API 활용 SOAR 구성 node.js 프레임워크 경험자 Python/Linux shell script 중급 이상 가능자 필독사항 ※ 카카오 테크 직군의 경우, 개발..."
6203061bca6094ec,Data Analyst,뱅크샐러드 서울 영등포구,,"가지신 분 Business Intelligence 시스템 및 비즈니스 리포팅 툴의 활용 능력 프로그래밍 언어( Python/R, etc)를 활용하여 데이터 분석이 가능하신 분 더 나은 데이터 기반 서비스를 만들기 위해 동료들과..."
be95b5718905880f,AI/빅데이터/클라우드 분야 (인재 Pool),LG유플러스 3.8 서울,,"의미한 인사이트 발굴 - R, Python, SQL 등 Statistics... 등)의 다양한 솔루션을 활용하여 서비스 개발 경험자 2) Java, Python 등 프로그래밍 개발 경험 보유자 3) Container 기반 서비스..."
f227e4e5212e6198,웹개발 및 서버개발자 신입/경력 정규직,큰사람커넥트 서울 구로구,,백엔드|인터넷·IT·통신·모바일·게임>웹프로그래머>프론트엔드|인터넷·IT·통신·모바일·게임>웹프로그래머> Python|인터넷·IT·통신·모바일·게임>빅데이터·AI(인공지능)>딥러닝|인터넷·IT·통신·모바일·게임>빅데이터·AI...
a238d65f69f7243a,웹 개발자 new,온오프링크 고양 일산동구,"월급 2,500,000원","Browsing - 프레임워크 개발 경험 - DB - Server* Back-end 개발자 - Java, php, python 등 - Linux - REST API 활용 경험자 - DB - Server - CDN 연동 [근무..."
ccd4f5407a32ba6a,Data Scientist,Boston Consulting Group 4.2 서울,,"analysis a plus, Programming... scripting exp.: eg. Python, C#, VBA, Java, Perl, etc. Experience in applied analytics..."
1c2dec1a2156f6aa,(데이터개발) API플랫폼 개발자,Nexon 성남 분당구,,"architecture를 구현하고 이를 효과적으로 관리할 수 있는 기반 개발 지원자격 - Java, Go, Python 중 한 가지 이상의 언어를 이용한 웹 서비스 개발 경험이 있으신 분 - MySQL 등의 RDBMS..."
7bf179a290a157b2,경험최적화파트 - 머신러닝 엔지니어,Nexon 성남 분당구,,모델 개발 - 머신러닝을 위한 솔루션 프로토타이핑 - 머신러닝 파이프라인 설계 및 구축 지원자격 - Python에 숙련된 프로그래밍 능력과 머신러닝 라이브러리 활용 경험 - 머신러닝과 강화학습에 관련된 지식 습득 혹은...
9ab2041ab3380a21,카카오톡 안티어뷰징을 위한 데이터/백엔드 엔지니어 및 머신러닝 전문가 모...,카카오 4.0 성남 판교역,,"Engineer, Data Scientist 해당 분야에서 활용되는 언어 및 도구를 능숙하게 다룰 수 있는 분( Python, Scala, PyMC, PySpark, Tensorflow 등) 우대 사항 컨테이너 환경에서의..."
286fbcc174db1fa8,음성인식관련 개발 음성인식 엔진개발 자연어처리 개발 new,"머신러닝 기술을 기반으로 의료, 금융, 자동차, 헬스케어, 교육 등 다양한 분야의 AI 관... 서울 금천구",,"퓨터 공학 전공 또는 관련 분야의 실무 경험 - 최신 논문을 이해하고 개발 및 개선할 수 있는 능력 - Python, Java, C/C++ 등 프로그래밍 언어 사용 능력 - 4년제 학사 (전산 및 컴퓨터 공학 계열) - 경력..."
64cf8c9cf9ab5f98,[진행중] 우리은행 MyDataACT 전문직(데이터 사이언티스트(데이터분... new,우리은행 4.5 서울 회현동,,"이터 분석 업무 경력 5년 이상 보유자(관련 서비스 기획, 운영 경력 합산) - 데이터 분석 관련 언어( Python, R 등) 사용 능력 및 분석 결과의 실제 서비스 적용 경험 보유자 - 적극적이고 원만한 커뮤니케이션..."
afe92c03320fe1b3,카카오 광고 서비스 알고리즘 및 시스템 개발,카카오 4.0 성남 판교역,,"함께 하고 싶습니다. 지원자격(공통) 하나 이상의 프로그래밍 언어에 익숙한 분 (C/C++, Java, Python, Go, Scala 등) [알고리즘 개발 업무 관련 지원 경우] 데이터 마이닝 또는 머신러닝 지식/경험이..."
029005430ad99018,테크니컬 오디오 디자이너(Technical Audio Designer)... new,엔씨소프트 2.7 성남 판교역,,"능력 - Protools, Reaper 등의 DAW 활용 능력 우대사항 - 스크립팅 언어 활용 능력 ( Python, Lua, R 등) - 비쥬얼 스크립팅 언어 활용 능력 (Pure Data, Max/MSP, Reaktor..."
46575205c5afbbc6,유전체연구소 경력직 new,삼성병원 3.3 서울 강남구,,"기관에서 최소 2년 이상 연구 경력 보유 - Linux 및 프로그래밍 언어 숙련자 (R, Perl, python, JAVA, C++ 중 1개 이상) - 대규모 유전체 자료, 특히 차세대염기서열 자료의 분석 경험..."
da280e20451ce755,Integration Engineer,스트라드비젼 서울 강남구,"연봉 40,000,000원 - 50,000,000원","algorithm • (Preferred) Experience of variant script language ( Python, Shell) • (Preferred) Experience of Linux build system..."
4adac8923476d038,프랭클린템플턴투신운용 Junior Trader (Quant base 필수...,프랭클린템플턴투신 대한민국,,"object-oriented programming and intermediate programming proficiency in Python, R or MATLAB, and SQL are essential. Licenses..."
7af64be2575caa06,넷크루즈 전 부문 경력직,넷크루즈 서울 구로구,,능숙자 나. Go 능숙자 다. Python 능숙자 라. 분산 처리 능숙자... 응용프로그래머>JAVA|인터넷·IT·통신·모바일·게임>응용프로그래머> Python|인터넷·IT·통신·모바일·게임>빅데이터·AI(인공지능)> Python
269f9a96319ef19a,머신러닝 엔지니어 모집,카카오 4.0 성남 판교역,,"델의 성능 검증 및 지속 개선 대규모 로그 데이터 통계 분석을 통한 피쳐 추출 지원자격 #필수사항 Python, Java, C++ 등 언어 중 하나 이상 활용 가능하신 분 TensorFlow/Keras, PyTorch..."
2ba9d984a21e03b1,[전문연구요원] R&D 부문 개발자 병역특례,스칼라웍스 서울 금천구,,"Data Analysis (R, SQL 등의 활용 능력 우대)3) Python Application 관련 개발 업무 (코딩 또는 문제해결) 4) ML... 게임>빅데이터·AI(인공지능)> Python|인터넷·IT·통신·모바일·게임..."
5e7dc1196f13b938,"NAVER, LINE 서비스 플랫폼 운영",NIT Service 성남 삼평동,,"유하신 분 - 프로그래밍 언어( python, java, c언어 등) 초급... System, WEB/WAS, DB운영 경험 - 프로그래밍 언어( python, java, c언어 등) 중급 이상 - 국가보훈대상자 및 장애인은..."
cccf8ccd8a458438,AI 컨설턴트 및 AI기술 확보 알고리즘 개발 new,"시스템통합구축,소프트웨어 개발,자료조사처리/물류자동화 컨설팅 등 서울 강서구",,"AI 관련 논문 발표) ② AI/딥러닝 알고리즘 연구개발 프로젝트 경험 ③ Ubuntu Linux, Python, Tensorflow, PyTorch 사용 중상급 이상 - 우대사항(해당 내용 중 1개 이상) : ① AI/머신..."
7d1d1203a59ee23b,Support Engineer new,Microsoft 4.2 서울,,"Operating System tasks through the use of Powershell, Python, or similar scripting language Experience in one or more..."
4a08b699c69b0b44,AI R&D 데이터 플랫폼 엔지니어 모집 new,엔씨소프트 2.7 성남 판교역,,3년 ~ 15년 필수조건 - Hadoop 기반 분산 데이터 처리 기술에 대한 경험 보유 - Java / Python 기반 개발 경험 보유 - Hive 기반 ETL 개발 및 workflow 자동화 개발 경험 보유 - J2EE...
532efeca5032b05e,Junior Consultant,United Nations Development Programme (UNDP) 대전,,programming languages for statistical analysis (e.g. R or Python) or statistical software (e.g. SPSS) and data visualisation...
32df0f890a9d577b,"드론솔루션 (아두이노 등 ICT SW, 드론 HW제작, 드론쇼핑몰) new",탱고드론 성남 분당구,"연봉 25,000,000원 - 30,000,000원",어개발자|인터넷·IT·통신·모바일·게임>응용프로그래머>C·C++|인터넷·IT·통신·모바일·게임>응용프로그래머> Python|인터넷·IT·통신·모바일·게임>시스템프로그래머>임베디드(Embedded)|인터넷·IT·통신·모바일·게임...
e03c3db92d5c1291,"백엔드, 웹개발 경력 정규직 - 스타트업/워라밸/수평문화/연봉최대협의 new",티에스커리어 안양 동안구,"연봉 40,000,000원 - 50,000,000원","mindhub.aiJob Description◎ 채용제목백엔드 개발자 채용◎ 자격요건- Node.js 또는 python 개발자- React.js, Vue.js, Flask, Django 중 1가지 경험자- REST-API..."
47209d0b3b717673,꿈꾸는 개발자 데뷔코스 싹(SSAC) 3기 교육생,재단법인 서울산업진흥원 서울 영등포구,,로그래머>머신러닝(ML)|인터넷·IT·통신·모바일·게임>응용프로그래머> Python|인터넷·IT·통신·모바일·게임>응용프로그래머>증강현실(AR)|인터넷... 통신·모바일·게임>웹프로그래머> Python|인터넷·IT·통신·모바일·게임...
1996e62879fc3501,"인사,총무/웹디자인/디지털마케팅/인공지능SW개발/인공지능 데이터기획",닥터송 서울 강서구,,그래머>웹개발|인터넷·IT·통신·모바일·게임>웹프로그래머>PHP |인터넷·IT·통신·모바일·게임>웹프로그래머> Python|인터넷·IT·통신·모바일·게임>소프트웨어·하드웨어>소프트웨어|인터넷·IT·통신·모바일·게임>데이터베이스...
6f7172500c2b1d55,Site Reliability Engineer(SRE),리얼텍세미콘덕터코페레이션코리아오피스 서울 강남구,,"skill... least one scripting language: Bash, Perl, Python, Ruby 5. Extensive and hands-on knowledge with Linux operating..."
c7d3e27d85495e80,Data Scientist,뱅크샐러드 서울 영등포구,,"기반 예측, 모델링 프로젝트 경험자 데이터 분석/모델링을 위한 언어 및 프레임워크 사용에 익숙하신 분 ( Python, R, SQL, Pandas, TensorFlow, Pytorch, Spark 등) 회사 내부 구성원들과..."
27c37a375c0ef5dc,RPA 개발 ( 신입/경력 정규직 ),하이퍼정보 서울 강남구,"연봉 25,000,000원 - 30,000,000원",통신·모바일·게임>응용프로그래머>C#|인터넷·IT·통신·모바일·게임>응용프로그래머>인공지능(AI)|인터넷·IT·통신·모바일·게임>응용프로그래머> Python|인터넷·IT·통신·모바일·게임>게임(Game)>클라이언트개발
b8d46981c269ed59,데브옵스 솔루션 개발자,Nexon 성남 분당구,,"자동화 솔루션 개발 - 애플리케이션 배포 자동화 솔루션 개발 지원자격 - 전체 개발 경력 5년 이상 - Python , Go 등의 서버 사이드 개발 경력 - RESTful API에 대한 이해 - Javascript..."
65ea393e24fd14d7,21. 6월 화학/식품부문 경력,롯데정보통신 서울 금천구,,인터넷·IT·통신·모바일·게임>응용프로그래머>Windows|인터넷·IT·통신·모바일·게임>응용프로그래머> Python|인터넷·IT·통신·모바일·게임>웹프로그래머>JSP|유통·물류·운송·운전>운송·물류>물류관리|인터넷·IT·통신...
797fdeaf345bd03b,Camera ISP Tuning Engineer - Camera (QCT...,Qualcomm Korea YH 경기도 수원,,"processing Experience with C, C++, Python Experience with camera image quality... e.g., C, C++, Python), computer..."
368e303e15b6bdb7,AI Engineer,GE Appliances 경기도 성남,,"lite, TensorRT. 5+ years of programming experience in Python, C/C++ Experiences working on deep learning model optimization..."
cae2de07045cfb2b,"Java, Python 영상툴 개발자",에이아이메이커 서울 마곡동,,원하면 가능) 담당업무 - 영상 라벨링 Tool 개발 - Tool 정확성 개선 자격요건 - Java - Python 우대사항 - 관련 개발 경력 - 툴개발 경력 근무조건 - 월~금 AM9:30 ~ PM18:30 복지...
d585814d097935eb,카카오톡 보이스톡/페이스톡/라이브톡 개발자 모집,카카오 4.0 성남 판교역,,"우대 사항 ✓ Spring/Java 혹은 Spring/Kotlin 기반 서버 개발 경험 ✓ MySQL, Python, JavaScript, Node.js 경험 ✓ 모바일/웹 환경을 위한 API 시스템 개발 경험 ✓ k8s..."
8af26b37623864c4,8퍼센트 개발자 (신입/경력),8퍼센트 서울 종로구,,개발 금융 데이터 분석과 분석 플랫폼 운영 자격요건 컴퓨터 전공자 또는 웹 개발 경력 1년 이상 우대사항 Python 코드를 무리 없이 읽으실 수 있는 분 Linux/Mac 사용 가능한 분 새로운 기술에 대한 호기심을 가지신...
a64e1e21f61265ce,각 분야별 인재 Pool 등록,지투알 서울,,"자 - 데이터 분석 툴(Adobe Analytics 또는 Google Analytics) 유경험자 우대 - Python, R, SQL 역량 보유자 우대 - 데이터에 기반한 문제해결 능력 및 통계학적 지식 보유자 우대 - 담당..."
1bf0770faeb6927a,"SW⑦ - OpenAPI, 클라우드 serverless 개발 전문가 new",LG전자 3.8 경기도 오산,,"설계 및 개발 경험자 3. 기타 사항 - 언어 : 영어 TS lv.5 이상 - Javascript, python, node.js, react.js, vue.js, MS SQL, Flask, Express, MS Azure..."
4fa9c9b42f78f110,대기업 AI 연구개발 검색 음성인식 등 경력직 new,- 코스피상장 대기업계열사 서울 우면동,,"3년 이상 - 자연어처리 관련 지식 보유 - C/C++, Java, Python프로그래밍, 알고리즘 구현 실무 능력 2. 우대조건 - 상용 플랫폼... 알고리즘 이해 및 구현 경험 - Python/PyTorch 등 프로그래밍..."
40fcd7eeeaf408d4,[신규프로젝트][AION2] 테크니컬 아티스트 모집 new,엔씨소프트 2.7 성남 판교역,,"및 배경, VFX 아티스트 경력 우대사항 - UE4 Custom Shader 제작 Skill - Python,MaxScript 등 개발 언어 활용 능력 - Digital Human 렌더링 이해가 높은 분 - Substance..."
68a69dd27ac61230,(데이터개발) 데이터 엔지니어,Nexon 성남 분당구,,"끊임없이 흐르는 데이터를 모니터링하고 오류를 감지하는 시스템을 구축 지원자격 - Linux 환경에서 Python, Scala, Java, Go 중 한 가지 이상의 언어로 개발이 가능하신 분 - 자료구조, 알고리즘, 데이터..."
687b9e16f739c6bc,데이터 분석 및 컨설팅분야 (경력직),한국정보기술단 과천 과천시,,"데이터 분석 및 컨설팅 분야 ( Python, SAS, 빅데이터) 경력직... 데이터분석|인터넷·IT·통신·모바일·게임>빅데이터·AI(인공지능)> Python|인터넷·IT·통신·모바일·게임>빅데이터·AI(인공지능)>R|인터넷..."
15d062b3ca01d772,Technical Solutions Engineer,MightyHive 서울,,"Used Node.js, Python, Flask GitHub... Amplitude) 영업, 지원, 컨설팅, 사업 개발 경험 Python and R 을 활용한 데이터 분석 Machine Learning..."
bc1be4ffc953c21a,Quality Engineer 반월공장 (Precursor & Speci...,Merck KGaA Darmstadt Germany 경기도 안산,,"analysis. Background in programming ( Python, Java script, SQL) is preferred... preferred ( Python, Java script, SQL..."
f017e45d8ff41758,부정행위 탐지를 위한 분석 전문가 모집 new,엔씨소프트 2.7 성남 판교역,,플레이 경험 다수 - 게임 LOG를 활용한 데이터 분석 및 부정사용자 탐지 업무 실무 경험 - R 또는 Python을 통한 통계 및 분석 능력 제출서류 필수 제출서류 없음 전형단계 서류전형 1차 면접 NC TEST 2차...
9d2b8bb570d06c5e,[TmaxCloud/기술] QA 담당자,티맥스소프트 성남 분당구,,"사고자 - 클라우드 서비스에 대한 이해도 보유자 ProLinux QA 담당자 - 신입/경력 무관 - Python 사용 경험자 - 리눅스 및 유닉스 서버에 대한 지식 보유자 - 클라우드, VM, 컨테이너 기술에 대한 이해도..."
70f98363312a6466,"C·C++, Delphi·PowerBuilder 외 신입/경력 정규직 new",주)금호월드 광주 동구,,채용이 취소될 수 있습니다. 인터넷·IT·통신·모바일·게임>응용프로그래머>C·C++|인터넷·IT·통신·모바일·게임>응용프로그래머>Delphi·PowerBuilder|인터넷·IT·통신·모바일·게임>응용프로그래머> Python
1a75ce748c5f24e9,TOAST CAM 임베디드 개발,NHN 4.4 성남 판교역,,"또는 석사 학위 또는 그에 준하는 실무 경험자 (신입 지원가능) - 임베디드 환경에서 영상 처리 경험자 - Python, C++ 개발 경험 - 딥러닝 프레임워크, 컴퓨터 비젼 경험자 - Visual Object..."
6fba80d63c663769,데이터 엔지니어 new,RIDI Corp 서울,,"에서의 데이터 파이프라인 구축 및 운영 경험 GA, Tableau 등 외부 분석/시각화 도구에 대한 지식 Python, Java, Scala 중 하나 이상을 이용한 개발 경험 추가 정보 지원 서류 안내 제출서류 : 이력..."
55a19c92c845685e,Developer / Designer recruit,마이뮤직테이스트 서울 논현동,,"language (i.e Python, Ruby, Java, .Net... High proficiency in Python... knowledge... least one Python web framework..."
54e0d08c99dcf507,MI(Market Intelligence)담당 마케팅 전략 경력사원,LG전자 3.8 서울 영등포구,,"AL이상 성적에 대하여 1개 이상 보유 4) 우대 사항 - 통계 분석 및 프로그래밍 언어 역량 보유: R, python, Java, SPSS, Tableau, etc. - 영어 능통 역량: 해외법인과 영어 화상 회의 및 현지..."
85cf43a0e2418138,웹 플랫폼 개발자,Nexon 성남 분당구,,"개발 및 운영 지원자격 - 경력에 준하는 웹 개발 기본 지식을 보유 하신 분 - 웹언어 (Java, Python, C#, PHP 등)을 이용한 Back-End 개발 경력이 3년 이상 또는 그에 준하는 능력을 보유하신 분..."
dfd97435a0f37a60,SW① - Big Data 분석 / 모델링 전문가 new,LG전자 3.8 경기도 오산,,"러닝, 딥 러닝을 이용한 공정 데이터 예측 경험 2. 우대사항 - 관련 전공 석/박사 학위취득(예정)자 - Python, TensorFLow 등 ML framework 능숙 - C/C++를 이용한 알고리즘 구현 가능 ※ 이전..."
bfaeba8c0f81b11c,Threat Hunter Team Lead,Ensign InfoSecurity 대한민국,,"programming and scripting, e.g. Java, .NET Programming, Python & PERL scripting, etc. Possession of excellent presentation..."
dc715ce3f73eed2f,[웹젠] 게임보안(경력),웹젠 성남 분당구,,"PC/AOS/IOS 어플리케이션 리버싱 가능한 분 - C/C++/ Python/Java 등 개발 능력을 보유한 분 - 문제점 파악 후, 개선 방안 제시... 리버싱 가능한 분 - C/C++/ Python/Java 등 개발 능력을 보유..."
ce567ce19601c60f,SW② - AI 서비스 개발 전문가 new,LG전자 3.8 경기도 오산,,"가능 - IoT 기반 AI 서비스 구현 가능 2. 우대사항 - 관련 전공 석/박사 학위취득(예정)자 - Python, TensorFlow Framework 이해 가능 ※ 이전 공고 지원자 재지원 가능 지원자격 - 해외여행에..."
38ba0748fb8d6e74,시스템 엔지니어 (이미지 센서) 주임 ~ 과장,반도체 이미지 센서 기업 경기도 수원,"연봉 45,000,000원 - 55,000,000원",driver 개발 • ASIC 후 BSP support 및 API 개발 [자격요건] • C/C++/ Python 언어 코딩 기술 • ARM/RISCV/MIPS등의 embedded 기반 S/W 개발 경험 및 가능한 자...
59bfeb68f785d534,Product Development Engineer,KLA-Tencor 경기도 화성,,diffraction theory Strong programming and scripting skills in Python is highly desirable. Strong background in engineering...
a22173d071050949,AI Scientist (NLP) (remote),MIND AI 서울 • 원격 근무,"연봉 40,000,000원 - 60,000,000원","field. * 3+ years programming experience, 2+ years in Python especially in teams. * Thorough understanding of programming..."
f95c15f488ce8463,"웹 프론트엔드 개발자(HTML, CSS, Java 등)",한국인사이트연구소 서울 서초구,,"javascript - Python 기본 문법 우대사항 - git 협력... 프론트엔드 개발자격조건: - HTML, CSS- javascript- Python 기본 문법우대사항- git 협력 가능- Django 프로젝트 구조..."
8f972027b6bfa9e5,MySQL Engineer 모집,카카오 4.0 성남 판교역,,"지원자격 대용량 DBMS 운영 경험이 있는 분 (실력, 의지는 중요하나 경력'기간'은 중요하지 않음) python, go, bash 등 스크립팅 언어를 하나 이상 사용하실 수 있는 분 MySQL에 대해 전반적으로 이해하고..."
bb5ae480fe3200b9,Data Scientist new,IBM 3.9 서울,,"skills in Python, and ideally in other languages like R, SQL, Hive Sql, C++ • Hands-on experience with Python libraries..."
ee7bb11873ae75fa,[던전앤파이터] 리깅TA,네오플 제주도,,"리깅 구조를 설계하고 확장해 나갈수 있으신 분 - max script, python, mel, c# 중 한 가지 이상 사용가능하신 분 ※ 포트폴리오... 3D툴 사용경험이 있으신 분 - Python 툴 개발 경험이 있으신 분..."
f611a72cc9b1761e,CTO 혁신추진실 AID팀 Machine Learning&AI 정규직,이투스교육 서울 강남구,,"구축 지원자격 ﻿일반적인 Back-end 시스템 설계 및 개발 ML/AI 시스템 아키텍쳐 설계 경험 Python, scala, R 등 ML 및 통계 관련 언어 사용 경험 머신러닝 프레임워크 경험자 (TensorFlow..."
abd1590860e1e1b3,[우량 E-커머스 벤처기업] 데이터 엔지니어 (주니어 ~ 시니어),TrueHR 서울 강남구,,"- Scala, Java, Python 중 하나 이상의 프로그래밍 언어를 경험... 년 이하)학력사항: 대학교(4년)졸업기타: - Scala, Java, Python 중 하나 이상의 프로그래밍 언어를 경험하신 분- 알고리즘의 Time..."
166aa0c72e94a266,Business Data Analyst,Soomgo 서울 강남구,,"즈니스에 적용하고 개선한 경험 (Google Optimize, Optimizely, 등) 우대사항 • Python 또는 R 을 사용하여 데이터 분석에 활용 가능 • 경영학, 통계학, 경제학, data analysis 등..."
aca743e5a05e5a4c,"Product (UX/UI) Designer, Tanzu Labs new",브이엠웨어코리아 서울 강남구,,인터넷·IT·통신·모바일·게임>응용프로그래머>자바스크립트|인터넷·IT·통신·모바일·게임>응용프로그래머> Python|인터넷·IT·통신·모바일·게임>응용프로그래머>iOS|인터넷·IT·통신·모바일·게임>응용프로그래머>Android...
941687b6bbb14d81,웹 개발자 경력 Java/Php/Javascript/Python/Html...,바이오브레인 대전 서구,"연봉 30,000,000원 - 35,000,000원","(주)바이오브레인 웹 개발자 경력 채용 모집부문 및 자격요건 담당업무 자격요건 인원 [담당업무] ㆍ웹 기반 프로젝트 개발 및 운영 [근무부서 및 직급/직책] 직급/직책: 대리 [자격요건] ㆍJava, Php..."
0b05f7fff851371a,게임 런처 개발,Nexon 성남 분당구,,르고 안정적으로 게임을 실행할 수 있도록 함께 고민하고 개발하실 분을 찾습니다. 지원자격 - C++ 혹은 Python 프로그래밍 언어 능숙자 - 비동기 및 병렬처리 프로그래밍 경험 우대사항 - Modern C++ (11...
649ccf047c868778,"금융 데이터 분석 엔진, 로보어드바이저 개발자",에스비씨엔 서울 영등포구,,"시스템, 머신러닝, 자연어처리. 패턴분석 - 다음 언어에서 최소 한 가지 이상 능숙자: Java, C++, Python, JavaScript 우대사항 - 석사이상 컴퓨터공학 (Computer Science) 분야 또는..."
bc5131eb1f2981cb,이공지능(AI) / 딥러닝 / Computer Vision 경력자 정규직,더블미코리아 서울 서초구,,관련분야 석사 학위 이상 또는 개발 경험 2년 이상 • C++ / Python / OpenCV 개발 경험 [우대사항] • 딥러닝/컴퓨터버젼 관련... 통신·모바일·게임>응용프로그래머> Python|인터넷·IT·통신·모바일·게임...
6dd4c0101d6e23fd,지식 콘텐츠 전문기업 (매출 120억) Back-end 개발자 new,인파트너스 서울 서초구,"연봉 60,000,000원 - 70,000,000원","분[ 우대사항 ] • AWS Cloud 서버 환경 유경험자• PHP, Python 개발 경험• IIS, Nginx, Apache 등 WAS 운영 경험... RDBMS, jQuery, CSS, Python, 시스템운영(Was/Web..."
b38903f24aefd3bf,[건축자재 중견기업] 데이터 사이언티스트 (대리~과장) new,커리어라임즈 서울 영등포구,,"업무를 위한 프로그래밍 언어 Python 및 R, SQL 가능자- Hive... 데이터분석|인터넷·IT·통신·모바일·게임>빅데이터·AI(인공지능)> Python|인터넷·IT·통신·모바일·게임>빅데이터·AI(인공지능)>R|인터넷..."
a9a8ee36d53bdba2,데이터 서비스/DevOps 엔지니어,데브시스터즈 서울 강남구,,통신·모바일·게임>전산·IT기술지원>IT기술지원|인터넷·IT·통신·모바일·게임>웹프로그래머> Python|인터넷·IT·통신·모바일·게임>응용프로그래머> Python|인터넷·IT·통신·모바일·게임>응용프로그래머>Linux
a3a65a4d59061430,위시켓과 함께할 서버개발자님,위시켓 서울 강남구,,"를 활용한 정적 페이지 연계 - Docker, Jenkins 등을 활용한 CI/CD 개선 자격조건 - Python 기반의 프레임워크를 이용한 웹서비스 구축 또는 운영 경험 - Django 기반의 웹 서비스 구축 또는 운영..."
